su	7	24
dove	25	47
si	48	61
possa	62	91
pensare	92	143
di	144	156
cambiarlo	157	209
in	210	219
due	220	231
settimane	232	289
ripete	343	380
quanto	381	405
detto	406	427
in	428	435
questi	436	461
giorni	462	495
in	496	505
tema	506	527
di	528	538
riforme	539	590
rilancia	591	646
sul	647	663
presidenza	664	727
lisma	728	763
se	812	821
cittadini	822	874
avessero	875	922
potuto	923	966
eleggere	967	1008
il	1009	1014
capo	1015	1038
dello	1039	1058
stato	1059	1092
nota	1093	1116
con	1117	1132
malizia	1133	1175
avremmo	1176	1204
avuto	1205	1234
presidenti	1235	1308
della	1309	1329
repubblica	1330	1375
diversi	1376	1429
da	1465	1475
quelli	1476	1501
che	1502	1510
ci	1511	1524
sono	1525	1548
stati	1549	1578
finora	1579	1616
s	1617	1638
dice	1639	1671
che	1672	1687
renzi	1688	1721
ha	1722	1724
un	1725	1733
deficit	1734	1786
di	1787	1800
credibilità	1801	1868
perche	1904	1932
non	1933	1946
è	1947	1951
stato	1952	1979
eletto	1980	2012
ne	2013	2025
ne	2026	2036
esclude	2037	2080
che	2081	2094
forza	2095	2124
italia	2125	2157
possa	2158	2200
dopo	2201	2226
le	2227	2235
europee	2236	2286
tornare	2287	2348
a	2349	2352
sostenere	2353	2406
suo	2407	2423
governo	2424	2473
l'appello	2506	2541
elettorale	2542	2599
del	2600	2623
leader	2624	2658
di	2659	2667
forza	2668	2697
italia	2698	2732
è	2764	2772
tutto	2773	2818
per	2819	2838
uno	2839	2846
moderati	2847	2909
chiede	2930	2961
che	2962	2973
non	2974	2984
stiamo	2985	3016
a	3017	3019
guardare	3020	3070
altrimenti	3071	3130
la	3131	3140
battaglia	3141	3186
sarà	3187	3209
persa	3210	3255
che	3256	3267
non	3268	3280
si	3281	3292
facciano	3293	3330
convincere	3331	3385
da	3386	3398
grillo	3399	3440
che	3467	3481
urla	3482	3509
ma	3510	3521
non	3522	3540
ha	3541	3545
soluzioni	3546	3604
positive	3605	3661
anzi	3662	3697
avrebbe	3698	3733
addirittura	3734	3780
un	3781	3791
aspirazione	3792	3856
precisa	3857	3914
quella	3915	3945
di	3946	3959
diventare	3960	4017
dittatore	4018	4067
dell'italia	4068	4121
torna	4155	4187
a	4188	4190
parlare	4191	4233
della	4234	4257
discesa	4258	4296
in	4297	4306
campo	4307	4337
della	4338	4356
figlia	4357	4384
marina	4385	4426
ma	4455	4468
per	4469	4491
ora	4492	4513
la	4521	4534
scene	4535	4567
solo	4568	4592
sua	4593	4619
è	4647	4653
d'accordo	4654	4710
che	4711	4720
ci	4721	4737
sia	4738	4752
la	4753	4763
privarsi	4764	4817
sui	4818	4833
servizi	4834	4883
sociali	4884	4925
dove	4926	4942
sconterà	4943	4997
la	4998	5008
sua	5009	5021
condanna	5022	5060
ma	5061	5075
annuncia	5076	5124
che	5125	5138
guarda	5139	5170
con	5171	5184
piacere	5185	5227
la	5228	5242
possibilità	5243	5303
di	5304	5315
passare	5316	5356
del	5357	5375
tempo	5376	5409
con	5410	5431
chi	5432	5442
soffre	5443	5490
e	5498	5507
che	5508	5525
addirittura	5526	5583
in	5584	5590
serbo	5591	5616
una	5617	5629
sorpresa	5630	5688
che	5723	5735
forse	5736	5779
si	5780	5801
tratterrà	5802	5873
a	5880	5884
cesano	5885	5930
boscone	5931	5979
più	5980	5993
del	5994	6015
necessario	6016	6086
spostiamo	6223	6274
l'attenzione	6275	6323
l'europa	6324	6386
oggi	6387	6420
amo	6421	6437
sulle	6438	6480
riunione	6482	6544
dell'ecofin	6545	6601
il	6602	6611
tavolo	6612	6640
dei	6641	6650
ministri	6651	6687
delle	6688	6715
finanze	6716	6781
comunitari	6782	6832
che	6833	6845
discute	6846	6886
l'	6887	6892
approvazione	6893	6942
della	6943	6960
tobin	6961	6998
tax	6999	7036
all'indomani	7049	7112
della	7113	7133
diffusione	7134	7189
delle	7190	7208
stime	7209	7249
sui	7280	7294
conti	7295	7329
pubblici	7330	7372
da	7373	7380
parte	7381	7416
della	7417	7445
commissione	7446	7489
europea	7490	7529
la	7530	7555
corrispondente	7556	7618
giuseppina	7619	7652
paterniti	7653	7708
arrivano	7917	7954
già	7955	7969
per	7970	7985
colazioni	7986	8038
ministri	8039	8073
delle	8074	8090
finanze	8091	8133
dei	8134	8140
ventotto	8141	8180
paesi	8181	8214
dell'	8215	8226
unione	8227	8254
europea	8255	8304
un	8305	8330
ecofin	8331	8370
con	8371	8385
tema	8386	8405
centrale	8406	8466
la	8500	8510
tassazione	8511	8565
delle	8566	8583
transazioni	8584	8633
finanziarie	8634	8713
limitata	8714	8763
però	8764	8790
ad	8798	8808
azioni	8809	8856
e	8865	8869
derivati	8870	8932
quei	8960	8979
prodotti	8980	9020
complessi	9021	9077
all'origine	9078	9129
della	9130	9148
crisi	9149	9172
del	9173	9188
duemilaotto	9189	9265
tutti	9298	9327
strumenti	9328	9382
di	9383	9388
un	9389	9396
mondo	9397	9428
che	9429	9437
assorbe	9438	9482
gran	9483	9515
parte	9516	9561
della	9562	9577
ricchezza	9578	9622
dei	9623	9633
paesi	9634	9663
più	9664	9677
sviluppati	9678	9752
e	9781	9787
che	9788	9803
in	9804	9822
questi	9823	9856
ultimi	9857	9891
decenni	9892	9941
è	9951	9956
cresciuta	9957	9998
a	9999	10001
dismisura	10002	10065
a	10096	10102
discapito	10103	10171
delle	10172	10189
attività	10190	10228
più	10229	10243
produttive	10244	10313
ed	10351	10364
è	10365	10367
per	10368	10385
questo	10386	10419
che	10420	10430
ieri	10431	10457
l'organizzazione	10458	10550
industriali	10551	10602
europei	10603	10644
ha	10645	10649
detto	10650	10678
no	10679	10692
a	10693	10699
questa	10700	10726
tassazione	10727	10801
industriale	10845	10894
molto	10895	10919
spesso	10920	10954
indirizzano	10955	11014
gli	11015	11030
investimenti	11031	11108
nella	11142	11161
finanza	11162	11212
invece	11213	11245
di	11246	11253
migliorare	11254	11301
la	11302	11314
propria	11315	11339
impresa	11340	11410
adeguando	11438	11493
le	11494	11506
cambiamenti	11507	11559
della	11560	11574
tecnologia	11575	11653
guadagno	11696	11753
che	11754	11762
sfugge	11763	11808
la	11809	11819
tassazione	11820	11896
che	11897	11914
ora	11915	11936
non	11937	11956
tutti	11957	11984
paesi	11985	12029
solo	12030	12052
undici	12053	12089
al	12090	12097
momento	12098	12136
che	12137	12152
russell	12153	12211
si	12249	12264
accingono	12265	12307
a	12308	12313
passare	12314	12362
dopo	12363	12384
tante	12385	12413
discussioni	12414	12478
con	12508	12530
una	12531	12550
cooperazione	12551	12627
rafforzata	12628	12703
che	12704	12714
permette	12715	12761
di	12762	12772
aggirare	12773	12821
l'ostacolo	12822	12885
dell'	12886	12907
unanimità	12908	12982
necessaria	13019	13071
per	13072	13085
la	13086	13092
decisione	13093	13157
dell'	13158	13170
unione	13171	13200
europea	13201	13244
in	13245	13254
materia	13255	13290
fiscale	13291	13351
italia	13390	13436
germania	13447	13496
la	13497	13505
francia	13506	13549
sono	13576	13617
in	13624	13635
prima	13636	13661
linea	13662	13699
non	13740	13762
scontato	13763	13822
invece	13823	13857
la	13858	13872
gran	13873	13893
bretagna	13894	13944
che	13945	13957
si	13958	13974
è	13975	13977
opposta	13978	14040
con	14041	14061
tutte	14062	14091
le	14092	14101
sue	14102	14113
forze	14114	14169
ed	14300	14309
è	14310	14316
una	14317	14330
giornata	14331	14363
decisiva	14364	14434
quella	14435	14452
di	14453	14460
oggi	14461	14478
per	14479	14506
l'	14507	14514
italia	14515	14570
la	14571	14580
missione	14581	14613
nel	14614	14626
golfo	14627	14658
iniziata	14659	14698
l'amministratore	14699	14762
delegato	14797	14870
del	14871	14889
torchio	14890	14932
il	14933	14944
presidente	14945	15003
roberto	15004	15036
colaninno	15037	15084
vedono	15085	15135
numero	15136	15166
uno	15167	15183
di	15184	15204
etihad	15210	15261
per	15262	15281
illustrare	15286	15327
la	15328	15336
controproposta	15337	15414
proposta	15415	15460
della	15461	15477
compagna	15478	15529
italiane	15559	15598
intanto	15599	15638
però	15639	15675
a	15701	15707
roma	15708	15750
l'incontro	15751	15804
con	15805	15827
in	15828	15838
sindacati	15839	15904
sul	15905	15929
taglio	15930	15967
del	15968	15987
costo	15988	16028
del	16029	16042
lavoro	16043	16078
cipria	16079	16121
malora	16122	16150
continua	16151	16210
chance	16211	16240
tappe	16241	16269
sentire	16270	16308
come	16309	16327
sta	16328	16339
andando	16340	16362
la	16363	16372
trattativa	16373	16429
sì	16800	16824
buongiorno	16825	16884
in	16885	16895
questo	16896	16920
momento	16921	16969
qui	16970	16986
nel	16987	17003
palazzo	17004	17048
alle	17049	17069
mie	17070	17088
spalle	17089	17123
l'azienda	17124	17168
sta	17169	17185
incontrando	17186	17243
uno	17244	17257
sindacati	17258	17331
il	17332	17344
tema	17345	17384
il	17385	17399
taglio	17400	17440
del	17441	17457
costo	17458	17487
del	17488	17500
lavoro	17501	17542
per	17567	17582
risparmiare	17583	17637
quarantotto	17638	17719
milioni	17720	17778
tagli	17779	17816
agli	17817	17831
stipendi	17832	17876
già	17877	17890
previsti	17891	17933
dal	17934	17948
piano	17949	17972
industriale	17973	18028
ma	18053	18064
è	18065	18071
probabile	18072	18132
che	18133	18153
uno	18154	18163
sindacati	18164	18240
porranno	18241	18291
sul	18292	18310
tappeto	18311	18346
la	18347	18359
altre	18360	18384
questioni	18385	18423
fondamentali	18424	18504
e	18532	18539
cioè	18540	18563
il	18564	18573
nodo	18574	18607
esuberi	18608	18662
duemila	18663	18706
forse	18707	18736
tremila	18737	18774
persone	18775	18821
rischiano	18822	18861
il	18862	18866
posto	18867	18895
di	18896	18904
lavoro	18905	18939
questo	18961	18994
sarebbe	18995	19030
il	19031	19041
prezzo	19042	19093
chiesto	19094	19135
da	19136	19148
heikki	19149	19183
ad	19184	19215
per	19216	19236
entrare	19237	19280
in	19281	19293
alitalia	19294	19350
e	19382	19389
infatti	19390	19442
in	19443	19451
questa	19452	19483
giornata	19484	19537
davvero	19538	19580
decisiva	19581	19643
per	19644	19660
il	19661	19669
futuro	19670	19704
dell'azienda	19705	19755
la	19756	19763
partita	19764	19794
più	19795	19809
importante	19810	19870
si	19871	19880
gioca	19881	19913
proprio	19914	19971
ad	19972	19987
abu	19988	20003
dhabi	20004	20040
lì	20074	20094
in	20102	20116
questo	20117	20145
momento	20146	20188
sono	20189	20224
allo	20225	20240
stesso	20241	20278
tavolo	20279	20325
l'emiro	20326	20370
hamad	20378	20417
bin	20418	20440
zayed	20441	20477
al-nahyan	20478	20541
il	20567	20574
presidente	20575	20637
di	20638	20647
cia	20648	20682
dell'amministratore	20683	20771
delegato	20772	20823
gen	20824	20845
su	20846	20866
ganci	20867	20892
di	20917	20924
fronte	20925	20965
hanno	20966	20988
uno	20989	20997
vertici	20998	21058
di	21059	21074
alitalia	21075	21135
colaninno	21136	21200
e	21201	21207
del	21208	21224
torchio	21225	21267
gli	21304	21316
italiani	21317	21359
proveranno	21360	21422
a	21423	21433
convincere	21434	21500
gli	21501	21515
arabi	21516	21549
che	21550	21562
l'affare	21563	21622
è	21629	21638
conveniente	21639	21714
la	21743	21755
proposta	21756	21809
che	21810	21820
stanno	21821	21862
presentando	21863	21942
il	21943	21954
frutto	21955	21988
della	21989	22009
mediazione	22010	22068
degli	22069	22090
ultimi	22091	22119
giorni	22120	22156
delle	22157	22181
ultime	22182	22230
ore	22231	22256
si	22283	22298
tratta	22299	22331
di	22332	22343
creare	22344	22382
una	22383	22396
sorta	22397	22435
di	22436	22450
doppia	22451	22501
compagnia	22502	22564
una	22586	22602
l'italia	22603	22652
buona	22653	22715
che	22716	22726
si	22727	22737
occuperà	22738	22768
dei	22769	22780
voli	22781	22804
della	22805	22821
parte	22822	22846
commerciale	22847	22915
nella	22942	22963
quale	22964	22984
dovrebbero	22985	23027
entrare	23028	23065
gli	23066	23082
arabi	23083	23117
con	23118	23131
una	23132	23146
quota	23147	23170
che	23171	23182
varia	23183	23222
da	23223	23234
quaranta	23235	23278
a	23279	23282
quarantanove	23283	23335
per	23336	23349
cento	23350	23377
mettendo	23378	23425
sul	23426	23441
piatto	23442	23471
cinquecento	23472	23540
milioni	23541	23577
di	23578	23591
euro	23592	23625
e	23657	23661
dall'altro	23662	23707
la	23708	23718
compagnia	23719	23772
cattiva	23773	23836
gestita	23859	23900
dagli	23901	23920
attuali	23921	23966
soci	23967	24005
italiani	24006	24064
nella	24065	24086
quale	24087	24111
dovrebbero	24112	24146
andare	24147	24178
uno	24190	24198
debiti	24199	24239
e	24245	24252
gli	24253	24267
esuberi	24268	24325
certo	24351	24396
non	24397	24408
sarà	24409	24429
una	24430	24443
bad	24444	24463
company	24464	24525
secondo	24526	24586
il	24588	24597
modello	24598	24657
sperimentato	24658	24734
nel	24735	24764
due	24765	24786
mila	24787	24805
otto	24806	24831
dopo	24832	24867
il	24868	24874
fallimento	24875	24942
di	24943	24960
alitalia	24961	25020
così	25044	25070
è	25071	25079
chiarito	25080	25117
il	25118	25134
ministro	25135	25185
dei	25186	25206
trasporti	25207	25268
lupi	25269	25297
dunque	25298	25339
non	25340	25357
dovrebbero	25358	25411
esserci	25412	25460
di	25461	25472
mezzo	25473	25508
soldi	25509	25550
pubblici	25551	25603
intanto	25633	25677
adesso	25682	25715
bisogna	25716	25752
aspettare	25761	25827
la	25828	25840
risposta	25841	25901
degli	25902	25927
arabi	25928	25964
io	25989	25998
via	25999	26011
giorno	26012	26054
nel	26055	26069
corso	26070	26105
delle	26106	26125
prossime	26126	26166
edizioni	26167	26217
per	26218	26233
il	26234	26238
momento	26239	26284
è	26288	26295
tutto	26296	26332
e	26333	26339
vi	26340	26352
restituisco	26353	26405
la	26406	26415
linea	26416	26455
grazie	26571	26612
tenderà	26613	26650
quindi	26651	26670
aggiornamenti	26671	26728
nelle	26729	26745
prossime	26746	26794
ore	26795	26815
intanto	26816	26877
negli	26878	26900
stati	26901	26930
uniti	26931	26960
sergio	26961	26995
marchionne	26996	27039
sta	27040	27056
presentando	27057	27116
proprio	27117	27158
in	27186	27194
questo	27195	27218
momento	27219	27249
a	27250	27252
detroit	27253	27298
il	27299	27308
piano	27309	27340
industriale	27347	27402
di	27403	27415
fiat	27416	27454
e	27462	27470
chrysler	27471	27533
per	27534	27547
uno	27548	27554
prossimi	27555	27587
cinque	27588	27631
anni	27632	27651
una	27652	27669
roda	27670	27697
mappa	27698	27751
sul	27776	27793
futuro	27794	27823
del	27824	27837
gruppo	27838	27874
che	27875	27888
passa	27889	27938
anche	27951	27993
dal	27994	28021
rilancio	28022	28066
del	28067	28078
marchio	28079	28122
alfa	28132	28156
romeo	28157	28191
sentiamo	28192	28223
la	28224	28232
corrispondente	28233	28286
giovanna	28287	28315
botteri	28316	28361
a	28543	28547
nove	28548	28576
anni	28577	28600
undici	28601	28632
mesi	28633	28662
dal	28663	28676
suo	28677	28691
arrivo	28692	28720
in	28721	28728
fiat	28729	28767
come	28768	28794
amministratore	28795	28860
delegato	28861	28913
sergio	28914	28947
marchionne	28948	28993
sta	28994	29009
per	29010	29025
annunciare	29026	29079
nel	29080	29091
quartier	29092	29123
generale	29124	29172
di	29173	29183
fiat	29184	29204
chrysler	29205	29268
detroit	29269	29340
quello	29361	29382
che	29383	29394
lui	29395	29409
ha	29410	29413
già	29414	29429
chiamato	29430	29470
inizio	29471	29516
di	29517	29526
una	29527	29541
nuova	29542	29573
era	29574	29600
nella	29601	29619
storia	29620	29647
della	29648	29666
casa	29667	29697
automobilistica	29698	29779
torinese	29780	29839
il	29880	29888
gruppo	29889	29920
ormai	29921	29947
settimo	29948	29999
al	30000	30009
mondo	30010	30050
per	30051	30070
numero	30071	30096
di	30097	30105
vetture	30106	30137
vendute	30138	30180
quasi	30181	30206
quattro	30207	30238
milioni	30239	30276
quattrocento	30277	30335
mila	30336	30358
nel	30359	30373
duemila	30374	30405
e	30406	30413
tredici	30414	30474
ma	30504	30515
in	30516	30525
europa	30526	30568
continua	30569	30616
a	30617	30622
perdere	30623	30669
notevolmente	30670	30746
soprattutto	30747	30791
di	30792	30801
fronte	30802	30839
le	30840	30851
tedesche	30852	30908
per	30939	30955
questo	30956	30987
l'	30988	30991
obiettivo	30992	31041
principale	31042	31109
del	31110	31128
piano	31129	31157
industriale	31158	31227
chiederà	31254	31291
le	31292	31306
linee	31307	31338
guida	31339	31374
fino	31375	31398
al	31399	31407
duemiladiciotto	31408	31512
sarà	31513	31539
incrementare	31540	31633
la	31659	31670
redditività	31671	31734
della	31735	31750
società	31751	31804
tramite	31805	31851
rilancio	31852	31912
di	31913	31927
alfa	31939	31970
romeo	31971	32015
che	32047	32054
diventerà	32055	32096
una	32097	32108
società	32109	32155
autonoma	32165	32227
come	32228	32251
ferrari	32252	32308
e	32315	32318
maserati	32319	32386
l'idea	32422	32454
di	32455	32466
portare	32467	32507
leanza	32508	32554
ad	32555	32563
un	32564	32571
segmento	32572	32627
più	32628	32648
alto	32649	32684
per	32685	32700
competere	32701	32754
in	32755	32762
quella	32763	32781
fascia	32782	32810
di	32811	32818
mercato	32819	32862
con	32863	32877
uno	32878	32886
tedeschi	32887	32942
la	32976	32985
produzione	32986	33035
alfa	33036	33054
romeo	33055	33084
scesa	33085	33132
l'anno	33133	33155
scorso	33156	33203
settantaquattro	33204	33295
mila	33296	33316
unità	33317	33348
a	33349	33357
livelli	33381	33408
mai	33409	33426
visti	33427	33462
dagli	33463	33485
anni	33486	33503
settanta	33504	33552
con	33569	33590
il	33591	33599
rilancio	33600	33663
che	33664	33672
prevede	33673	33702
un	33703	33710
investimento	33711	33771
di	33772	33784
meno	33785	33814
cinque	33833	33882
miliardi	33883	33929
di	33930	33942
euro	33943	33982
le	34012	34022
alfa	34023	34047
verranno	34048	34083
prodotte	34084	34123
in	34124	34129
italia	34130	34174
ed	34175	34185
esportati	34186	34237
in	34238	34250
tutto	34251	34278
il	34279	34284
mondo	34285	34329
sei	34330	34367
nuovi	34368	34406
modelli	34407	34452
sono	34453	34476
previsti	34477	34532
un	34567	34578
suv	34579	34606
compatto	34607	34682
una	34690	34707
berlina	34708	34753
media	34754	34787
prodotti	34788	34828
a	34829	34833
cassino	34834	34899
una	34926	34940
berlina	34941	34983
grande	34984	35038
un	35039	35049
fuoristrada	35050	35120
cinque	35121	35162
porte	35163	35203
assemblati	35204	35263
mirafiori	35264	35334
infine	35365	35401
un	35402	35408
modello	35409	35443
cupe	35444	35474
grande	35475	35528
un	35529	35544
roster	35545	35605
due	35606	35626
posti	35627	35673
prodotti	35674	35716
ugualmente	35717	35770
in	35771	35778
italia	35779	35832
l'investimento	35869	35930
sull'altro	35931	35987
una	35988	35999
scommessa	36000	36051
rischiosa	36052	36116
tenuto	36117	36147
conto	36148	36175
che	36176	36187
il	36188	36193
marchio	36194	36242
potrebbe	36262	36299
restare	36300	36335
passivo	36336	36391
per	36392	36412
qualche	36413	36451
anno	36452	36477
prima	36478	36502
di	36503	36513
riprendersi	36514	36586
ed	36612	36622
è	36623	36625
per	36626	36641
questo	36642	36677
che	36678	36688
fiat-chrysler	36689	36785
punto	36786	36822
anche	36823	36846
sul	36847	36864
marchio	36865	36906
gip	36907	36950
cresciuto	36978	37023
del	37024	37037
cinquantadue	37038	37111
per	37112	37126
cento	37127	37162
ad	37163	37170
aprile	37171	37212
che	37235	37247
ormai	37248	37271
produce	37272	37325
anche	37335	37358
in	37359	37366
italia	37367	37423
la	37443	37455
rene	37456	37488
gay	37489	37510
della	37511	37530
piccola	37531	37574
gip	37575	37608
soprannominata	37609	37686
gp	37687	37731
nata	37732	37753
falda	37767	37808
nello	37809	37827
stabilimento	37828	37885
di	37886	37893
messi	37894	37938
a	37939	37941
punto	37942	37975
efferatezze	38038	38101
la	38102	38111
cronaca	38112	38139
italiana	38140	38176
ci	38177	38189
portano	38190	38237
a	38238	38248
roma	38249	38281
gli	38282	38293
scontri	38294	38331
di	38332	38336
sabato	38337	38368
sera	38369	38385
in	38386	38394
occasione	38395	38427
della	38428	38443
partita	38444	38483
di	38484	38497
coppa	38498	38531
italia	38532	38570
stato	38571	38596
nuovamente	38597	38644
operato	38645	38689
nella	38690	38711
notte	38712	38743
rimangono	38744	38786
gravi	38787	38818
le	38819	38830
condizioni	38831	38887
di	38888	38898
ciro	38899	38942
esposito	38943	39006
un	39037	39041
tifoso	39042	39072
partenopeo	39073	39135
ferito	39136	39173
a	39174	39177
colpi	39178	39208
di	39209	39217
pistola	39218	39253
che	39254	39267
anche	39268	39293
stato	39294	39323
di	39324	39331
fermo	39332	39371
per	39372	39391
rissa	39392	39420
aggravata	39421	39486
intanto	39487	39536
vanno	39537	39570
avanti	39571	39621
le	39622	39634
indagini	39635	39686
la	39687	39695
procura	39696	39731
di	39732	39743
roma	39744	39768
ipotizza	39805	39855
che	39856	39870
nella	39875	39906
sparatoria	39907	39973
assieme	39974	40005
al	40006	40016
capo	40017	40056
ultrà	40057	40098
roma	40099	40129
romano	40160	40206
dice	40207	40222
daniele	40247	40280
de	40281	40287
santis	40288	40356
è	40357	40366
accusato	40367	40430
di	40431	40450
tentato	40451	40502
omicidio	40503	40554
ci	40555	40569
fossero	40570	40600
almeno	40601	40633
altre	40634	40664
tre	40665	40699
persone	40706	40751
francesco	40752	40812
tra	40813	40832
fatto	40833	40877
ciro	41058	41082
esposito	41083	41137
il	41138	41146
tifoso	41147	41183
napoletano	41184	41243
ferito	41244	41276
sabato	41277	41314
pomeriggio	41315	41364
è	41365	41367
stato	41368	41396
operato	41397	41444
nuovamente	41445	41515
nella	41516	41537
notte	41538	41567
al	41568	41577
policlinico	41578	41640
gemelli	41641	41696
un	41726	41736
intervento	41737	41789
d'urgenza	41790	41848
di	41849	41860
chirurgia	41861	41914
addominale	41928	41986
durato	41987	42032
più	42033	42061
di	42062	42075
quattro	42076	42116
ore	42117	42146
la	42177	42186
madre	42187	42214
del	42215	42229
ragazzo	42230	42272
ha	42273	42275
detto	42276	42308
che	42309	42319
gli	42320	42330
è	42331	42333
stato	42334	42365
tagliato	42366	42418
un	42419	42430
pezzo	42431	42464
di	42465	42475
colon	42476	42527
il	42556	42564
quadro	42565	42592
clinico	42593	42634
resta	42635	42662
gravissimo	42663	42733
dopo	42734	42760
la	42761	42770
difficile	42771	42816
operazione	42817	42880
di	42881	42892
domenica	42893	42934
scorsa	42935	42977
di	42978	42989
rimozione	42990	43041
del	43042	43057
proiettile	43058	43118
che	43119	43129
gli	43130	43140
aveva	43141	43170
spezzato	43171	43237
la	43238	43249
quinta	43250	43282
vertebra	43283	43339
uno	43376	43384
medici	43385	43418
seguono	43419	43460
costantemente	43461	43539
il	43540	43546
decorso	43547	43591
clinico	43592	43641
difficile	43662	43720
dire	43721	43746
quello	43747	43787
che	43788	43797
accadrà	43798	43831
nelle	43832	43854
prossime	43855	43893
ore	43894	43920
l'intento	43948	44012
è	44020	44026
quello	44027	44051
di	44052	44061
stabilizzare	44062	44134
il	44135	44141
paziente	44142	44198
dicono	44199	44245
adesso	44275	44307
si	44308	44321
cerca	44322	44352
di	44353	44364
capire	44365	44398
la	44399	44411
dinamica	44412	44456
ancora	44457	44489
lacunosa	44490	44553
dispari	44554	44605
della	44606	44626
beretta	44627	44673
sette	44674	44708
sessantacinque	44709	44790
dalla	44791	44810
matricola	44811	44854
abrasa	44855	44897
che	44922	44934
ha	44935	44937
colpito	44938	44977
per	44978	44993
ben	44994	45017
quattro	45018	45057
volte	45058	45093
ferendo	45094	45135
tre	45136	45161
tifosi	45162	45208
partenopei	45209	45283
la	45312	45321
pistole	45322	45363
stato	45364	45389
impugnato	45390	45439
da	45440	45451
daniele	45452	45489
de	45490	45500
santis	45501	45553
detto	45554	45585
gastone	45586	45640
ex	45663	45688
capo	45689	45713
della	45714	45738
tifoseria	45739	45791
romanista	45792	45846
come	45868	45894
ha	45895	45897
confermato	45898	45966
ieri	45967	45988
sera	45989	46016
la	46017	46027
prova	46028	46053
dello	46054	46075
stub	46076	46112
sulla	46113	46136
sua	46137	46152
mano	46153	46187
testimonianze	46213	46282
contrastanti	46283	46347
sul	46348	46366
drammatico	46367	46419
pomeriggio	46420	46475
di	46476	46485
sangue	46486	46523
paura	46524	46566
all'esterno	46578	46622
dello	46623	46638
stadio	46639	46662
olimpico	46663	46707
in	46708	46713
via	46714	46727
tor	46728	46754
di	46755	46765
quinto	46766	46812
due	46845	46867
le	46868	46878
ipotesi	46879	46927
de	46928	46938
santis	46939	46978
ha	46979	46982
provocato	46983	47046
alcuni	47047	47076
tifosi	47077	47112
del	47113	47126
napoli	47127	47159
con	47160	47182
petardi	47183	47227
e	47228	47230
fumogeni	47231	47291
una	47319	47333
sorta	47334	47363
di	47364	47377
trappola	47378	47428
per	47429	47443
poi	47444	47458
esplodere	47459	47505
quattro	47506	47544
colpi	47545	47576
di	47577	47587
pistola	47588	47642
un	47676	47686
agguato	47687	47728
che	47729	47738
forse	47739	47768
avuto	47769	47796
il	47797	47803
contributo	47804	47860
di	47861	47871
due	47872	47903
o	47912	47919
tre	47920	47934
compagni	47935	47998
inquirenti	48005	48066
stanno	48067	48094
osservando	48095	48149
con	48150	48164
minuzia	48165	48208
tutte	48209	48240
le	48241	48248
immagini	48249	48302
altre	48338	48359
ipotesi	48360	48406
quella	48407	48431
dello	48432	48452
scontro	48453	48504
proprio	48505	48533
davanti	48534	48568
al	48569	48577
chiosco	48578	48613
gestito	48614	48658
da	48659	48672
de	48673	48688
santis	48689	48743
e	48771	48777
tifosi	48778	48811
napoletani	48812	48863
lo	48864	48876
hanno	48877	48889
inseguito	48890	48942
per	48943	48956
aggredirlo	48957	49014
lui	49015	49050
ne	49063	49070
ha	49071	49073
fermato	49074	49112
la	49113	49122
corsa	49123	49155
sparando	49156	49205
lì	49206	49224
quel	49335	49357
che	49361	49370
sento	49371	49397
punto	49398	49425
nuova	49426	49450
operazione	49451	49511
per	49512	49540
ciro	49541	49569
esposito	49570	49628
ci	49629	49647
colleghiamo	49648	49688
allora	49689	49710
con	49730	49750
il	49751	49759
policlinico	49760	49824
gemelli	49825	49864
maria	49865	49883
grazia	49884	49913
fiorani	49914	49955
per	49956	49970
gli	49971	49975
aggiornamenti	49976	50030
sulla	50031	50071
salute	50072	50128
del	50137	50154
tifoso	50155	50198
sì	50408	50420
siamo	50421	50443
qui	50444	50458
al	50459	50468
policlinico	50469	50536
gemelli	50537	50599
sono	50600	50623
ore	50624	50658
di	50659	50670
grande	50671	50707
preoccupazione	50708	50774
anzi	50775	50806
ovviamente	50807	50849
per	50850	50862
uno	50863	50870
familiari	50871	50919
perche	50920	50956
la	50981	50990
situazione	50991	51040
è	51051	51064
improvvisamente	51072	51150
questa	51151	51174
notte	51175	51206
di	51207	51217
nuovo	51218	51250
precipitata	51251	51314
dopo	51315	51345
come	51388	51406
dire	51407	51424
un	51425	51438
sospiro	51439	51478
di	51479	51487
sollievo	51488	51544
dopo	51545	51564
l'operazione	51565	51609
delicatissima	51610	51685
che	51686	51694
sembrava	51695	51735
essere	51736	51761
andata	51762	51785
bene	51786	51817
questo	51818	51853
nuovo	51879	51926
peggioramento	51927	52017
ora	52039	52056
si	52057	52074
attende	52075	52125
un	52126	52132
bollettino	52133	52180
ufficiale	52181	52232
per	52233	52249
sapere	52250	52282
quali	52283	52302
siano	52303	52329
le	52330	52339
condizioni	52340	52388
ciro	52389	52418
esposito	52419	52485
sembra	52508	52543
dalle	52544	52564
prime	52565	52588
notizie	52589	52632
che	52633	52642
l'operazione	52643	52699
sia	52700	52720
andata	52721	52760
come	52761	52792
ci	52799	52807
si	52814	52825
aspettava	52826	52873
di	52874	52883
medici	52884	52924
si	52925	52934
tratterà	52935	52972
di	52973	52985
capire	52986	53029
quale	53030	53057
sarà	53058	53082
l'evoluzione	53083	53165
della	53216	53259
delle	53260	53280
condizioni	53281	53353
della	53354	53392
del	53393	53409
giovane	53410	53451
tifoso	53452	53495
napoletano	53496	53570
nelle	53607	53629
prossime	53630	53678
ore	53679	53703
intanto	53704	53745
si	53746	53759
apprende	53760	53804
una	53805	53817
notizia	53818	53874
sembra	53875	53925
che	53947	53959
sia	53960	53979
confermata	53980	54074
che	54075	54103
l'	54120	54130
esame	54131	54167
dello	54168	54184
stub	54185	54214
o	54215	54219
quello	54220	54241
che	54242	54249
dovrebbe	54250	54282
verificare	54283	54343
se	54344	54355
cia	54356	54380
della	54409	54433
polvere	54434	54491
da	54511	54525
sparo	54526	54567
sulle	54568	54589
mani	54590	54621
daniele	54622	54682
ed	54709	54724
essa	54725	54740
anche	54741	54766
sull'	54767	54785
uomo	54786	54817
accusato	54822	54884
di	54885	54893
aver	54894	54915
sparato	54916	54966
uno	54967	54975
colpi	54976	55008
di	55009	55019
pistola	55020	55058
che	55059	55067
hanno	55068	55084
colpito	55085	55127
anche	55128	55150
ciro	55151	55186
esposito	55187	55250
sembra	55276	55310
abbia	55317	55351
dato	55352	55396
esito	55406	55450
negativo	55456	55512
fini	55513	55536
vorrà	55555	55577
molto	55578	55605
importante	55606	55663
consumare	55664	55705
sul	55706	55722
fronte	55723	55753
delle	55754	55774
indagini	55775	55836
verrebbe	55837	55881
verremo	55882	55912
quali	55913	55936
saranno	55937	55989
le	56031	56045
novità	56046	56084
che	56085	56094
arriveranno	56095	56135
nelle	56136	56153
prossime	56154	56194
ore	56195	56221
qui	56222	56240
siamo	56241	56264
in	56265	56273
attesa	56274	56322
del	56345	56359
bollettino	56360	56429
ufficiale	56430	56501
per	56502	56517
ora	56518	56532
è	56533	56537
tutto	56538	56587
restituisco	56588	56637
è	56638	56650
allo	56651	56664
studio	56665	56704
grazia	56828	56850
maria	56851	56868
grazia	56869	56896
noi	56897	56910
torniamo	56911	56944
ai	56945	56953
temi	56954	56979
del	56980	56994
lavoro	56995	57042
ora	57043	57067
e	57107	57119
a	57120	57138
rimini	57139	57207
in	57229	57241
quest'	57242	57265
dove	57266	57283
questa	57284	57320
da	57321	57334
questa	57335	57354
mattina	57355	57388
in	57389	57401
corsa	57402	57435
come	57436	57454
razionate	57455	57506
congresso	57507	57561
nazionale	57562	57610
della	57611	57631
cento	57632	57658
g	57659	57669
l	57670	57701
c'è	57702	57718
attesa	57719	57758
per	57759	57785
l'intervento	57786	57848
di	57849	57877
susanna	57878	57909
camusso	57910	57947
allora	57948	57977
sentiamo	58008	58053
del	58054	58070
palacongressi	58071	58140
carmen	58141	58172
santoro	58173	58223
in	58231	58241
diretta	58242	58283
sì	58531	58559
qui	58560	58580
a	58581	58587
rimini	58588	58640
è	58641	58647
appena	58648	58694
cominciato	58695	58756
a	58757	58760
parlare	58761	58809
dal	58810	58828
palco	58829	58871
susanna	58872	58915
camusso	58916	58973
che	58974	58986
aperto	58987	59034
il	59035	59049
diciassettesimo	59050	59132
congresso	59133	59185
cento	59186	59209
g	59210	59221
l	59222	59255
un	59287	59298
congresso	59299	59360
che	59361	59372
si	59373	59391
apre	59392	59420
un	59421	59431
momento	59432	59476
in	59477	59486
cui	59487	59511
il	59512	59519
sindacato	59520	59592
si	59614	59627
trova	59628	59658
un	59659	59674
po'	59675	59695
messo	59696	59729
all'angolo	59730	59780
da	59781	59791
parte	59792	59833
del	59834	59856
governo	59857	59908
e	59934	59937
ci	59938	59951
sono	59952	59976
anche	59977	60004
qui	60005	60024
in	60025	60033
casa	60034	60057
cento	60058	60076
g	60077	60088
l	60089	60112
uno	60115	60122
problemi	60123	60164
con	60165	60182
la	60183	60191
fiom	60192	60223
prove	60224	60244
in	60245	60249
questo	60250	60275
momento	60276	60317
camusso	60321	60369
sta	60370	60387
parlando	60388	60453
di	60487	60506
europa	60522	60586
io	60603	60613
vi	60614	60623
fare	60624	60645
sentire	60646	60690
un	60703	60715
passaggio	60716	60773
passaggio	60774	60815
di	60816	60825
questo	60826	60851
intervento	60852	60902
del	60903	60915
segretario	60916	60968
generale	60969	61027
direi	61074	61100
di	61101	61109
più	61110	61122
progetti	61123	61168
e	61169	61175
sindacati	61176	61231
europei	61232	61288
è	61322	61326
la	61327	61335
prima	61336	61369
risposta	61370	61421
da	61422	61432
sostenere	61433	61503
ma	61581	61592
ora	61593	61609
l'appuntamento	61610	61704
e	61739	61744
il	61745	61752
canto	61753	61782
dei	61783	61795
trattati	61796	61859
a	61860	61863
partire	61864	61903
dal	61904	61921
fiscal	61922	61959
compact	61960	62034
uno	62081	62089
trattati	62090	62131
possono	62132	62168
essere	62169	62200
contrattacchi	62201	62300
non	62349	62367
può	62368	62387
esserci	62388	62429
da	62430	62440
parte	62441	62472
dell'europa	62473	62531
la	62532	62541
stessa	62542	62577
risposta	62578	62651
quando	62689	62720
si	62721	62737
cresceva	62738	62804
ecco	63130	63156
avete	63157	63182
sentito	63183	63232
dunque	63233	63283
il	63292	63320
segretario	63332	63383
generale	63384	63428
della	63429	63450
cento	63451	63470
g	63471	63483
cinque	63484	63511
ha	63520	63527
chiesto	63528	63570
di	63571	63584
cambiare	63585	63636
uno	63639	63647
trattati	63648	63704
europei	63713	63765
che	63766	63779
questo	63780	63808
in	63809	63816
vista	63817	63840
anche	63841	63865
dell'importante	63866	63931
appuntamento	63932	63986
elettorale	63987	64043
che	64104	64117
cosa	64118	64147
sarà	64148	64173
chiesto	64174	64217
qui	64218	64238
da	64239	64252
questo	64253	64280
palco	64281	64313
della	64314	64333
cento	64334	64353
g	64354	64363
l	64364	64396
in	64401	64414
pratica	64415	64457
sarà	64458	64476
lanciato	64477	64515
una	64516	64526
sfida	64527	64569
al	64577	64588
governo	64589	64636
una	64639	64656
sfida	64657	64697
in	64704	64716
quattro	64717	64750
punti	64751	64788
che	64789	64803
sono	64804	64835
pensioni	64836	64910
corti	64940	64970
con	64971	64984
l'apertura	64985	65031
di	65032	65041
una	65042	65052
vera	65053	65072
e	65073	65076
propria	65077	65110
vertenza	65111	65163
atti	65164	65180
che	65181	65193
siano	65194	65220
inclusi	65221	65255
anche	65256	65275
giovani	65276	65317
precari	65318	65364
ammortizzatori	65393	65462
sociali	65463	65511
lavoro	65517	65551
povero	65552	65590
e	65611	65624
fisco	65625	65681
fisco	65682	65726
con	65748	65773
una	65774	65791
lotta	65792	65830
più	65831	65848
forte	65849	65890
all'	65896	65908
evasione	65909	65949
fiscale	65950	66011
ancora	66045	66077
per	66078	66093
quanto	66094	66123
riguarda	66124	66178
il	66187	66206
governo	66207	66264
non	66271	66287
c'è	66288	66309
un	66310	66324
riferimento	66325	66377
spin	66378	66401
city	66418	66459
to	66460	66470
specifico	66483	66551
al	66579	66596
premier	66597	66639
renzi	66640	66684
ma	66711	66729
abbiamo	66745	66781
capito	66782	66815
che	66816	66826
ci	66827	66837
saranno	66838	66870
dei	66871	66883
riferimenti	66884	66950
anche	66951	66977
un	66978	66984
po'	66985	67003
quest'atteggiamento	67004	67086
di	67087	67099
autosufficienza	67100	67189
da	67190	67199
parte	67200	67227
del	67228	67242
governo	67243	67281
nei	67282	67291
confronti	67292	67335
dei	67336	67345
sindacati	67346	67403
e	67438	67445
ci	67446	67460
sarà	67461	67478
una	67479	67492
sorta	67493	67520
di	67521	67532
stigmatizza	67533	67603
zion	67604	67639
e	67640	67644
di	67645	67657
questo	67658	67695
atteggiamento	67696	67766
ma	67791	67799
di	67800	67812
tutto	67813	67834
questo	67835	67864
susanna	67865	67899
camusso	67900	67948
parlerà	67954	68008
appunto	68010	68043
nei	68044	68056
prossimi	68057	68127
nei	68128	68139
prossimi	68140	68176
minuti	68177	68217
nel	68221	68235
lenzi	68236	68302
prevede	68303	68334
che	68335	68344
l'intervento	68345	68394
durerà	68395	68435
all'incirca	68462	68522
un'ora	68529	68568
un'ora	68573	68597
e	68598	68600
mezzo	68601	68640
e	68646	68651
con	68652	68667
questo	68668	68703
io	68704	68716
vi	68717	68724
restituisco	68725	68774
la	68775	68782
linea	68783	68822
grazie	68982	69024
diciamo	69025	69058
poco	69059	69082
fa	69083	69103
della	69104	69156
presentazione	69157	69205
del	69206	69214
piano	69215	69233
industriale	69234	69276
fiat	69277	69313
chrysler	69314	69397
e	69398	69411
forte	69412	69443
della	69444	69458
pena	69459	69482
proprio	69483	69507
per	69508	69521
questa	69522	69545
presentazione	69546	69608
questa	69609	69630
mattina	69631	69664
il	69665	69672
titolo	69673	69719
fiat	69720	69759
vola	69760	69796
in	69831	69843
borsa	69844	69883
per	69884	69902
la	69903	69909
stazione	69910	69949
prose	69950	69984
mercati	69985	70040
ci	70041	70057
colleghiamo	70058	70124
con	70125	70154
paolo	70155	70176
gila	70177	70208
il	70333	70339
progresso	70340	70388
di	70389	70398
fiat	70399	70436
si	70437	70454
è	70455	70459
un	70460	70472
po'	70473	70500
ridimensionato	70501	70605
il	70606	70612
titolo	70613	70643
sta	70644	70662
guadagnando	70663	70734
il	70735	70745
due	70746	70776
per	70777	70800
cento	70801	70865
cioè	70866	70891
un	70892	70907
clima	70908	70939
d'	70940	70948
attesa	70949	71006
sul	71007	71039
le	71040	71054
piazze	71074	71140
europee	71141	71205
perche	71206	71245
e	71246	71254
giovedì	71255	71299
ci	71332	71343
sarà	71344	71373
un	71374	71383
vertice	71384	71440
della	71441	71460
banca	71461	71510
centrale	71511	71576
europea	71577	71635
intanto	71636	71690
tiene	71720	71748
banco	71749	71802
la	71803	71812
pubblicazione	71813	71882
dei	71883	71901
dati	71902	71945
dell'ocse	71946	72045
che	72046	72079
prevedono	72106	72188
la	72189	72201
crescita	72202	72252
del	72253	72270
pil	72271	72295
in	72296	72307
italia	72308	72360
nel	72361	72377
due	72378	72392
mila	72393	72410
quattordici	72411	72498
dello	72532	72554
zero	72555	72593
virgola	72594	72628
cinque	72629	72667
per	72668	72684
cento	72685	72735
mentre	72736	72778
l'anno	72779	72821
prossimo	72822	72887
potrebbe	72912	72950
salire	72951	72994
dell'uno	72995	73040
virgola	73041	73075
uno	73076	73100
percento	73101	73168
l'occupazione	73169	73244
vista	73245	73288
in	73322	73342
calo	73343	73384
quest'anno	73385	73445
dello	73446	73467
zero	73468	73498
virgola	73499	73534
sette	73535	73564
per	73565	73578
cento	73579	73614
ci	73615	73631
sarà	73632	73667
un	73697	73704
leggero	73705	73769
recupero	73770	73836
l'anno	73837	73865
prossimo	73866	73924
più	73925	73945
zero	73946	73990
virgola	74018	74055
quattro	74056	74102
nel	74103	74122
complesso	74123	74197
però	74218	74245
il	74250	74266
tasso	74267	74318
di	74319	74337
disoccupazione	74338	74426
resterà	74427	74494
sia	74495	74525
per	74526	74546
quest'anno	74547	74592
sia	74593	74614
per	74615	74629
l'anno	74630	74655
prossimo	74656	74710
oltre	74736	74769
il	74785	74799
dodici	74804	74869
per	74895	74914
cento	74915	74968
per	74969	74982
quanto	74983	75008
riguarda	75009	75052
piazza	75053	75096
affari	75097	75139
l'indice	75140	75200
locale	75235	75291
fu	75292	75310
zi	75311	75330
mib	75331	75362
registra	75363	75416
un	75417	75427
incremento	75428	75486
dello	75487	75506
zero	75507	75537
venti	75538	75583
per	75611	75629
cento	75630	75682
in	75683	75700
calo	75701	75739
risultano	75740	75794
titoli	75797	75832
del	75833	75848
comparto	75849	75917
bancario	75945	76027
e	76028	76037
contrastati	76038	76125
gli	76126	76147
energetici	76148	76234
buone	76269	76301
notizie	76302	76353
giungono	76354	76399
dal	76400	76445
fronte	76446	76498
dei	76499	76516
titoli	76517	76551
di	76552	76563
stato	76564	76613
dove	76614	76636
lo	76637	76646
spread	76647	76702
il	76739	76744
differenziale	76745	76809
di	76810	76821
rendimento	76822	76878
tra	76879	76893
uno	76894	76902
btp	76903	76939
e	76940	76947
bund	76948	76983
decennali	76984	77046
scende	77080	77130
a	77131	77137
cento	77138	77190
cinquantacinque	77191	77296
punti	77297	77342
base	77343	77383
mentre	77384	77423
sui	77449	77474
mercati	77475	77540
si	77541	77556
sta	77557	77586
rafforzando	77587	77681
ulteriormente	77682	77774
l'euro	77775	77822
che	77848	77863
resta	77864	77911
oltre	77934	77985
quota	77986	78025
uno	78026	78053
e	78054	78060
trentanove	78061	78136
contro	78137	78194
dollaro	78204	78255
è	78287	78298
tutto	78299	78346
linea	78347	78373
allo	78374	78386
studio	78387	78426
etna	78538	78562
ma	78563	78579
cronaca	78580	78610
italiana	78611	78650
firenze	78651	78699
ritorna	78700	78741
l'incubo	78742	78798
serial	78799	78846
killer	78847	78890
dopo	78891	78915
ritrovamento	78916	78970
del	78971	78982
corpo	78983	79020
di	79021	79032
una	79033	79049
donna	79050	79077
legata	79078	79120
a	79121	79123
un	79124	79146
palo	79147	79187
nude	79196	79223
e	79224	79227
senza	79228	79261
vita	79262	79295
la	79306	79311
donna	79312	79341
è	79352	79357
stata	79358	79389
identificata	79390	79463
e	79464	79471
una	79472	79493
ventisei	79494	79541
enne	79542	79569
rumena	79570	79616
brema	79650	79675
rotta	79676	79705
nella	79943	79962
notte	79963	79996
le	80000	80007
prime	80008	80030
perquisizioni	80031	80113
nell'	80114	80132
abitazione	80133	80185
di	80186	80194
un	80195	80205
uomo	80206	80238
dipendente	80240	80309
in	80316	80327
una	80328	80341
ditta	80342	80366
di	80367	80376
pulizie	80377	80429
c'	80430	80451
per	80455	80472
l'inchiesta	80473	80522
sulla	80523	80545
prostituta	80546	80609
sopravvissuta	80610	80684
un	80685	80703
anno	80704	80729
fa	80730	80755
a	80768	80771
sevizie	80772	80830
analoghe	80831	80879
a	80907	80911
quelle	80912	80936
che	80937	80947
ieri	80948	80986
hanno	80993	81014
causato	81015	81068
la	81069	81077
morte	81078	81111
di	81112	81123
cristina	81124	81177
andrea	81183	81214
zafira	81215	81268
la	81302	81312
venticinquenne	81313	81395
romeno	81396	81434
è	81435	81443
stata	81444	81472
trovata	81473	81512
morta	81513	81553
legata	81554	81589
a	81590	81592
un	81593	81613
palo	81614	81652
come	81653	81685
crocifisso	81686	81747
sotto	81773	81814
un	81821	81834
cavalcavia	81835	81886
dell'autostrada	81887	81969
il	81983	81991
luogo	81992	82024
è	82040	82044
lo	82045	82059
stesso	82060	82101
delle	82102	82119
sevizie	82120	82160
di	82161	82167
un	82168	82175
anno	82176	82195
fa	82196	82215
danni	82217	82238
e	82239	82241
nessun	82248	82277
precedente	82278	82340
per	82348	82362
la	82363	82372
ragazza	82373	82413
la	82414	82422
giovane	82423	82455
ereditare	82456	82494
da	82495	82500
alcuni	82501	82538
anni	82539	82565
si	82566	82582
prostituiva	82583	82639
occasionalmente	82640	82732
domani	82761	82794
l'autopsia	82795	82848
spiegherà	82849	82903
le	82915	82925
cause	82926	82959
del	82960	82974
decesso	82975	83030
intanto	83061	83115
le	83119	83127
indagini	83128	83181
della	83182	83201
procura	83202	83251
coordinate	83256	83318
dalla	83339	83359
squadra	83360	83393
mobile	83394	83432
puntano	83434	83487
su	83488	83512
una	83517	83536
o	83537	83550
più	83551	83571
persone	83572	83629
e	83665	83673
più	83674	83706
di	83712	83725
due	83726	83752
episodi	83753	83800
ad	83844	83854
accomunarle	83855	83923
lo	83940	83952
stesso	83953	84006
nastro	84012	84049
adesivo	84050	84088
per	84089	84104
in	84105	84115
balli	84116	84157
in	84164	84175
uso	84176	84199
all'ospedale	84200	84258
di	84259	84268
careggi	84269	84319
usato	84327	84380
per	84385	84402
legare	84403	84445
ai	84454	84467
polsi	84468	84512
le	84517	84527
vittime	84528	84569
tutte	84570	84598
queste	84600	84632
una	84633	84644
cosa	84645	84669
che	84670	84680
stiamo	84681	84709
determinando	84710	84776
con	84777	84791
la	84792	84799
procura	84800	84841
che	84842	84858
più	84859	84888
di	84889	84896
un	84897	84909
studio	84910	84948
alcuni	84949	84978
fatti	84979	85018
si	85019	85031
sicuramente	85032	85090
alcuni	85091	85117
fatti	85118	85147
ci	85148	85160
sono	85161	85192
si	85193	85206
è	85207	85209
parlato	85210	85239
di	85240	85250
tre	85251	85269
o	85275	85279
sei	85280	85325
come	85436	85463
verdetto	85464	85502
adesso	85503	85539
sono	85540	85560
cose	85561	85583
che	85584	85593
stiamo	85594	85615
determinando	85616	85675
con	85676	85687
la	85688	85693
procura	85694	85730
vanno	85731	85760
rispolverate	85761	85837
i	85838	85848
fatti	85851	85891
vecchi	85892	85945
va	85976	85986
rivisto	85987	86025
tutto	86026	86054
dare	86055	86074
dei	86075	86084
numeri	86085	86115
oggi	86116	86140
significa	86141	86182
dire	86183	86201
delle	86202	86216
sciocchezze	86217	86276
quindi	86277	86318
preferisco	86322	86369
vittorie	86370	86416
sequestro	86548	86607
preventivo	86608	86672
per	86673	86687
un	86688	86693
valore	86694	86721
di	86722	86733
due	86734	86761
milioni	86762	86803
tra	86804	86824
beni	86825	86868
e	86869	86874
conti	86875	86915
correnti	86916	86969
nell'ambito	86970	87027
dell'inchiesta	87028	87106
gnu	87107	87129
bridge	87130	87172
dello	87173	87191
sco	87192	87218
e	87219	87221
della	87222	87246
mobile	87283	87315
di	87316	87326
reggio	87327	87352
calabria	87353	87393
che	87394	87408
collaborano	87409	87490
con	87491	87507
l'fbi	87508	87545
ai	87546	87561
statunitense	87562	87640
l'indagine	87641	87686
va	87687	87704
consentito	87705	87753
nel	87754	87764
febbraio	87765	87799
scorso	87800	87840
di	87841	87857
individuare	87867	87943
un'organizzazione	87948	88044
per	88045	88060
il	88061	88067
traffico	88068	88121
di	88124	88139
droga	88140	88178
tra	88179	88201
calabria	88202	88260
e	88281	88285
l'america	88286	88328
che	88329	88338
faceva	88339	88374
riferimento	88402	88463
alla	88464	88474
famiglia	88475	88515
degli	88516	88554
ursino	88555	88610
di	88611	88631
gioiosa	88632	88668
jonica	88669	88720
ionica	88734	88777
quella	88778	88803
mafiosa	88804	88863
dei	88879	88896
gambino	88897	88958
new	88989	89004
york	89005	89041
mara	89086	89104
martelli	89105	89153
tra	89292	89313
calabria	89314	89363
e	89364	89366
america	89367	89412
l'asse	89413	89451
della	89452	89477
droga	89478	89516
cocaina	89517	89575
eroina	89576	89623
da	89624	89634
portare	89635	89675
sui	89676	89691
mercati	89692	89733
europei	89734	89784
la	89785	89796
'ndrangheta	89797	89854
mette	89855	89889
uno	89890	89897
suoi	89898	89931
uomini	89932	89973
suoi	89974	89999
capitali	90000	90049
le	90050	90061
sue	90062	90078
menti	90079	90111
più	90112	90127
spregiudicate	90128	90213
allunga	90214	90268
così	90269	90299
le	90300	90309
mani	90310	90333
sulla	90334	90361
fare	90362	90406
che	90407	90417
la	90418	90425
rende	90426	90456
più	90457	90474
forte	90475	90532
tanto	90562	90596
da	90597	90606
avere	90607	90624
un	90625	90635
peso	90636	90664
superiore	90665	90732
a	90733	90737
quello	90738	90766
della	90767	90790
mafia	90791	90829
siciliana	90830	90903
a	90912	90920
sdraio	90921	90981
gli	90982	90993
arresti	90994	91047
la	91048	91057
squadra	91058	91095
mobile	91096	91126
di	91127	91135
regio	91136	91174
l'fbi	91175	91215
ai	91216	91237
dopo	91238	91267
anni	91268	91304
di	91305	91314
lavoro	91315	91344
pericoloso	91345	91421
assesta	91453	91500
uno	91501	91510
il	91511	91520
primo	91521	91556
colpo	91557	91605
con	91606	91621
una	91622	91639
raffica	91640	91692
di	91693	91703
arresti	91704	91753
fra	91754	91773
calabria	91774	91827
e	91828	91830
stati	91831	91864
uniti	91865	91909
colpito	91927	91987
il	91988	92000
cuore	92001	92045
dell'organizzazione	92046	92153
da	92154	92166
un	92167	92180
lato	92181	92226
io	92227	92243
sino	92244	92291
di	92292	92302
gioiosa	92303	92347
jonica	92348	92396
dall'alto	92397	92457
gambino	92458	92520
di	92521	92533
new	92534	92548
work	92549	92593
in	92624	92640
mezzo	92641	92680
anche	92690	92726
un	92727	92736
organizzazione	92737	92800
criminale	92801	92857
di	92858	92867
benevento	92868	92927
adesso	92928	92970
inizia	92995	93036
una	93037	93055
nuova	93056	93101
fase	93102	93148
quella	93149	93174
del	93175	93189
sequestro	93190	93239
dei	93240	93252
beni	93253	93288
due	93289	93320
milioni	93321	93354
di	93355	93365
euro	93366	93391
sottratti	93392	93458
alle	93459	93476
cosche	93477	93520
tornano	93521	93580
nelle	93581	93610
mani	93611	93631
dello	93632	93653
stato	93654	93707
sono	93731	93755
soldi	93756	93784
arrivati	93785	93821
con	93822	93843
la	93844	93853
droga	93854	93889
investiti	93890	93970
in	93971	93977
attività	93978	94018
commerciali	94019	94100
ristoranti	94101	94175
ditte	94200	94229
che	94230	94247
lavorano	94248	94291
nel	94292	94301
settore	94302	94342
edile	94343	94371
aziende	94372	94431
che	94432	94443
vendono	94444	94479
auto	94480	94516
tutto	94517	94552
questo	94553	94596
a	94617	94621
gioiosa	94622	94671
jonica	94672	94726
terreni	94727	94788
appartamenti	94789	94859
a	94860	94862
squillace	94863	94933
nel	94934	94950
catanzarese	94951	95028
un	95029	95041
bar	95042	95079
nell'aria	95112	95150
di	95151	95160
benevento	95161	95230
tutto	95231	95281
occultato	95282	95348
dall'organizzazione	95349	95443
che	95465	95479
ha	95480	95486
nella	95487	95513
'ndrangheta	95514	95583
il	95592	95602
suo	95603	95641
centro	95642	95705
il	95711	95719
sequestro	95720	95771
colpisce	95772	95824
sei	95825	95857
affiliati	95858	95913
anche	95925	95956
di	95957	95966
vertice	95967	96021
gli	96053	96060
arresti	96061	96109
a	96110	96113
febbraio	96114	96167
fu	96168	96187
uno	96188	96199
ventisei	96200	96280
ma	96281	96291
gli	96292	96304
inquirenti	96305	96350
annunciano	96351	96418
andremo	96428	96472
avanti	96473	96527
passa	96663	96696
al	96697	96719
sangue	96731	96776
in	96777	96784
ucraina	96785	96842
sarebbero	96843	96881
oltre	96882	96903
trenta	96904	96954
le	96955	96965
persone	96966	97019
uccise	97020	97073
una	97074	97090
decina	97091	97137
quelle	97138	97166
ferite	97167	97206
stime	97207	97238
dei	97239	97249
separatisti	97250	97313
filo-russe	97314	97376
negli	97377	97395
scontri	97396	97436
di	97481	97489
ieri	97490	97518
con	97519	97539
l'esercito	97540	97605
creino	97606	97641
nell'	97642	97673
est	97674	97703
del	97704	97730
paese	97731	97780
oggi	97794	97841
tutti	97842	97892
uno	97893	97899
voli	97900	97936
da	97937	97970
e	97978	97986
per	97987	98010
dove	98011	98040
sono	98041	98071
sospesi	98097	98179
a	98180	98189
chi	98190	98221
va	98222	98235
arriva	98255	98294
il	98312	98325
ministro	98326	98375
degli	98376	98402
esteri	98403	98454
britannico	98459	98527
emanuela	98543	98582
rabito	98583	98626
sulla	98868	98899
piazza	98900	98933
rossa	98934	98969
a	98970	98972
mosca	98973	99016
sfilano	99017	99069
soldati	99070	99120
e	99121	99124
carri	99125	99152
armati	99153	99202
e	99203	99205
tutta	99206	99232
la	99233	99240
macchina	99241	99283
da	99284	99296
guerra	99297	99332
russa	99333	99378
chiamata	99379	99434
le	99436	99449
prove	99450	99482
generali	99483	99544
della	99579	99610
parata	99611	99650
del	99651	99666
nove	99667	99693
maggio	99694	99732
che	99733	99744
celebra	99745	99804
per	99805	99819
volontà	99820	99861
del	99862	99876
presidente	99877	99934
putin	99943	99982
la	99986	99998
vita	99999	100030
su	100060	100076
nazifascista	100077	100178
per	100231	100245
la	100246	100256
prima	100257	100287
volta	100288	100322
sfila	100323	100362
la	100363	100373
bandiera	100374	100434
della	100435	100459
nuova	100460	100490
repubblica	100491	100545
di	100546	100556
crimea	100557	100599
più	100622	100650
traina	100651	100698
e	100732	100746
proprio	100747	100788
per	100789	100805
la	100806	100814
copertura	100815	100865
degli	100866	100888
eventi	100889	100922
in	100923	100931
crimea	100932	100979
duecento	100980	101040
sì	101041	101056
nove	101084	101111
giornalisti	101112	101185
fra	101186	101206
radio	101209	101252
stati	101253	101306
divisione	101322	101371
sono	101407	101431
stati	101432	101467
premiati	101468	101529
dal	101530	101548
presidente	101549	101610
putin	101611	101658
per	101659	101680
il	101681	101689
loro	101690	101728
alto	101735	101763
servizio	101764	101827
riso	101828	101859
la	101860	101875
pace	101876	101924
vicende	101925	101987
credo	101988	102025
c	102026	102057
gli	102059	102071
conferisce	102072	102136
loro	102137	102177
le	102185	102202
onorificenze	102203	102312
di	102323	102332
mani	102354	102388
bastioni	102389	102445
dei	102446	102458
separatiste	102459	102528
filo-russe	102529	102594
la	102595	102608
nota	102609	102641
non	102642	102659
è	102660	102665
finita	102666	102716
l'esercito	102717	102773
cure	102774	102802
nostri	102803	102844
engels	102845	102890
assedio	102891	102939
le	102940	102949
città	102950	102984
ribelli	102985	103037
un	103069	103075
filo	103076	103102
russi	103103	103136
le	103137	103148
cosiddette	103149	103207
forze	103208	103245
di	103246	103257
autodifesa	103258	103344
anti-nave	103345	103385
gancio	103386	103421
parlano	103446	103501
di	103502	103515
decine	103516	103555
di	103556	103567
morti	103568	103609
nelle	103610	103634
loro	103635	103661
file	103662	103696
di	103706	103714
banchi	103726	103761
e	103762	103768
se	103769	103782
il	103783	103787
governo	103788	103832
accusa	103833	103884
tra	103892	103909
le	103910	103921
vittime	103922	103964
degli	103965	103990
scontri	103991	104032
ci	104033	104051
sono	104052	104084
rustici	104085	104143
cenni	104144	104187
c'	104188	104201
molti	104216	104258
residenti	104259	104318
prato	104319	104347
in	104348	104359
crimea	104360	104400
venuti	104401	104443
a	104444	104447
rinforzare	104448	104526
le	104527	104537
milizie	104538	104582
filo-russe	104583	104652
ad	104653	104673
est	104674	104718
uno	104759	104767
voli	104768	104803
da	104804	104823
e	104824	104832
per	104833	104853
donne	104854	104890
s'	104891	104905
intanto	104908	104955
sono	104956	104977
stati	104978	105013
sospesi	105014	105080
dalle	105081	105102
autorità	105103	105146
ucraine	105147	105196
mentre	105233	105266
asl	105267	105290
o	105291	105306
via	105307	105325
scala	105326	105358
popolazione	105359	105420
sperma	105421	105475
che	105476	105491
chiesa	105492	105538
ferme	105539	105583
le	105584	105595
sue	105596	105620
truppe	105621	105663
che	105664	105677
l'attacco	105678	105723
ucraino	105724	105775
non	105776	105796
ci	105797	105816
sia	105817	105850
altro	105851	105875
sos	105876	105902
dei	105903	105913
chicchi	105914	105950
schiero	105951	106007
dice	106008	106037
lui	106038	106063
che	106064	106076
ascoltino	106077	106144
la	106145	106153
voce	106154	106183
della	106184	106206
gente	106207	106255
c	106256	106280
che	106281	106294
non	106295	106313
ci	106314	106327
siano	106328	106361
altre	106362	106389
vittime	106390	106434
che	106435	106447
si	106448	106465
tenga	106466	106495
presso	106496	106538
il	106539	106546
referendum	106547	106622
così	106623	106653
tutto	106654	106684
il	106685	106690
mondo	106691	106729
saprà	106752	106802
quello	106803	106834
che	106835	106847
vogliamo	106848	106914
un'asta	106940	106977
non	106979	106997
ci	106998	107014
resta	107015	107052
che	107053	107064
sperare	107065	107124
dice	107125	107155
lech	107156	107210
spero	107211	107249
nel	107250	107266
buon	107267	107288
senso	107289	107338
qui	107339	107358
noi	107359	107383
diciamo	107384	107434
a	107437	107445
dio	107459	107486
in	107487	107497
cielo	107498	107546
ma	107556	107567
la	107568	107580
russia	107581	107634
e	107647	107656
intendo	107657	107706
la	107707	107714
fetta	107715	107741
camicia	107742	107776
serrati	107777	107831
si	107864	107881
troverebbe	107882	107921
ne	107922	107935
sa	107936	107953
una	107954	107982
proteina	107983	108036
che	108037	108047
confermare	108048	108125
l'invecchiamento	108133	108215
dirlo	108216	108250
una	108254	108271
ricerca	108272	108318
statunitense	108319	108394
laura	108413	108438
de	108439	108448
donato	108449	108489
la	108643	108650
scienza	108651	108693
segna	108694	108723
un	108724	108734
altra	108735	108762
tacca	108763	108793
sul	108794	108812
fucile	108813	108860
nella	108861	108880
sua	108881	108897
guerra	108898	108930
contro	108931	108965
il	108966	108974
principale	108975	109031
nemico	109032	109069
delle	109070	109090
società	109091	109133
più	109134	109150
sviluppate	109151	109220
la	109230	109240
vecchiaia	109241	109308
più	109342	109357
di	109358	109366
molte	109367	109394
medicine	109395	109454
dicono	109455	109489
tre	109490	109516
autorevoli	109524	109579
studi	109580	109622
realizzati	109623	109678
ad	109679	109691
harvard	109692	109738
beck	109739	109778
lei	109779	109796
sta	109797	109826
un	109827	109837
forte	109838	109872
a	109896	109902
curare	109903	109934
muscoli	109935	109978
e	109979	109981
cervello	109982	110030
danneggiati	110031	110085
dal	110086	110104
tempo	110105	110135
potrebbe	110136	110173
essere	110174	110207
la	110208	110218
trasfusione	110219	110281
di	110282	110290
sangue	110291	110327
giovane	110328	110379
per	110415	110432
ora	110433	110451
gli	110452	110460
esperimenti	110461	110516
hanno	110517	110529
interessato	110530	110588
le	110589	110598
piccole	110599	110640
cavie	110641	110676
da	110677	110688
laboratorio	110689	110759
ma	110788	110796
non	110797	110810
è	110811	110815
stata	110816	110842
da	110843	110852
poco	110853	110886
la	110887	110895
sorpresa	110896	110940
dei	110941	110956
ricercatori	110957	111033
di	111034	111043
fronte	111044	111078
allo	111079	111094
spettacolo	111095	111154
di	111155	111163
un	111164	111175
topolino	111176	111218
anziano	111219	111274
che	111302	111320
tra	111329	111345
sfuso	111346	111398
con	111399	111413
il	111414	111425
sangue	111426	111460
di	111461	111470
una	111471	111490
giovane	111491	111541
riusciva	111571	111617
in	111618	111629
esercizi	111630	111687
prima	111688	111720
per	111721	111741
lui	111742	111766
inarrivabile	111774	111851
il	111896	111903
marito	111904	111940
sarebbe	111941	111975
di	111976	111982
una	111983	111997
proteina	111998	112063
la	112064	112079
g	112080	112117
d	112123	112153
f	112163	112199
undici	112200	112259
che	112282	112294
avrebbe	112295	112326
la	112327	112336
capacità	112337	112390
di	112391	112402
riparare	112403	112455
muscoli	112456	112499
danneggiati	112500	112577
le	112619	112627
proprietà	112628	112671
terapeutiche	112672	112738
del	112739	112754
sangue	112755	112802
in	112803	112809
una	112810	112824
seconda	112825	112867
ricerca	112868	112920
hanno	112921	112936
visto	112937	112967
la	112968	112978
stessa	112979	113019
proteina	113020	113076
rigenerare	113077	113134
il	113135	113143
cervello	113144	113217
formando	113237	113284
neuroni	113285	113339
nuovi	113340	113394
mentre	113417	113448
un	113449	113465
terzo	113466	113503
studio	113504	113556
c'	113557	113573
è	113574	113576
concentrato	113577	113641
sul	113642	113667
plasma	113668	113724
la	113725	113733
parte	113734	113765
del	113766	113779
sangue	113780	113817
senza	113818	113853
cellule	113854	113907
ha	113943	113946
registrato	113947	114002
effetto	114003	114044
rigenerante	114045	114117
del	114118	114135
sangue	114136	114182
giovane	114183	114225
sull'	114226	114255
ipo	114256	114281
campo	114282	114333
la	114358	114365
regione	114366	114408
cerebrale	114409	114477
responsabile	114478	114567
della	114568	114590
memoria	114591	114646
sono	114695	114713
dunque	114714	114743
forte	114744	114778
le	114779	114788
speranze	114789	114833
aperte	114834	114866
da	114867	114877
queste	114878	114905
ricerche	114906	114961
anche	114970	115000
per	115001	115016
la	115017	115026
cura	115027	115052
delle	115053	115074
malattie	115075	115127
degenerative	115128	115204
del	115205	115219
cervello	115220	115284
ma	115310	115321
il	115322	115335
passo	115336	115384
della	115385	115405
sperimentazione	115406	115481
sull'	115482	115504
uomo	115505	115532
deve	115533	115551
ancora	115552	115584
venire	115585	115629
licenziati	115664	115733
non	115734	115755
nascondono	115756	115819
la	115820	115832
paura	115833	115880
che	115881	115892
gli	115893	115904
effetto	115905	115938
rigenerante	115939	116004
del	116005	116023
sangue	116024	116057
giovane	116058	116100
possano	116101	116144
rinvigorire	116145	116210
anche	116224	116258
le	116259	116267
cellule	116268	116311
cancerogene	116312	116386
fra	116490	116506
lo	116507	116514
sport	116515	116547
calcio	116548	116581
vittore	116582	116615
della	116616	116632
juve	116633	116653
ieri	116654	116680
sera	116681	116747
che	116748	116764
è	116765	116767
già	116768	116778
campione	116779	116809
d'italia	116810	116847
ma	116848	116860
stasera	116861	116894
si	116895	116903
gioca	116904	116925
ancora	116926	116967
vogliono	116993	117022
davide	117023	117053
proprio	117054	117080
così	117081	117104
valentina	117105	117149
buongiorno	117150	117207
ci	117208	117223
sono	117224	117256
altre	117257	117280
due	117281	117294
partire	117295	117327
stasera	117328	117356
ma	117357	117367
cominciamo	117368	117410
dalle	117411	117435
due	117436	117467
giocata	117480	117516
ieri	117517	117536
sera	117537	117558
juventus	117559	117609
che	117610	117622
ha	117623	117635
festeggiato	117636	117683
lo	117684	117691
scudetto	117692	117727
battendo	117728	117777
l'atalanta	117778	117840
polemiche	117841	117906
in	117918	117947
vece	117955	117992
in	117993	118017
lazio	118023	118072
verona	118073	118106
ci	118112	118129
dice	118130	118154
tutto	118155	118191
antonello	118204	118246
orlando	118247	118290
con	118458	118475
lo	118476	118483
scudetto	118484	118526
già	118527	118542
cucito	118543	118579
sulle	118580	118598
maglie	118599	118634
il	118635	118644
terzo	118645	118691
consecutivo	118692	118765
la	118771	118780
juventus	118781	118842
con	118843	118858
tutti	118859	118883
big	118884	118913
in	118914	118923
panchina	118924	118976
ottiene	118983	119020
contro	119021	119051
l'atalanta	119052	119099
la	119100	119108
diciottesima	119109	119170
vittoria	119171	119217
su	119218	119232
altrettante	119233	119284
gare	119285	119309
interne	119310	119363
incitato	119413	119473
dai	119474	119484
suoi	119485	119505
tifosi	119506	119545
per	119546	119560
tutta	119561	119584
la	119585	119594
partita	119595	119645
uno	119677	119686
festeggiamenti	119687	119740
ufficiali	119741	119784
si	119785	119806
terranno	119807	119862
dopo	119863	119886
merce	119890	119927
col	119928	119946
cagliari	119947	119997
la	120037	120044
squadra	120045	120068
di	120069	120077
conte	120078	120107
si	120108	120120
è	120121	120123
resa	120124	120153
subito	120154	120199
pericolosa	120200	120252
con	120253	120280
giovinco	120291	120348
uno	120383	120389
ritmi	120390	120427
sono	120428	120452
bassi	120453	120499
anche	120503	120528
se	120529	120543
la	120544	120551
juventus	120552	120609
fa	120610	120626
di	120627	120637
tutto	120638	120667
per	120668	120680
alzarli	120681	120742
to	120783	120799
back	120800	120832
che	120850	120862
la	120863	120870
dirigenza	120871	120918
bianconera	120919	120970
cercherà	120971	121013
di	121014	121026
trattenere	121027	121074
a	121075	121077
torino	121078	121124
sale	121160	121183
in	121184	121190
cattedra	121191	121241
mette	121242	121273
in	121274	121279
movimento	121280	121326
giovinco	121327	121376
che	121377	121386
a	121387	121389
sua	121390	121406
volta	121407	121434
ser	121435	121457
lo	121458	121467
sguardo	121468	121514
ma	121547	121556
il	121557	121565
tiro	121566	121592
dell'ex	121593	121636
romanista	121637	121688
e	121696	121700
fuori	121701	121729
misura	121730	121774
si	121810	121824
va	121825	121834
alla	121851	121862
ripresa	121863	121914
ma	121917	121925
non	121926	121938
è	121939	121944
la	121945	121955
solita	121956	121989
juventus	121990	122047
almeno	122052	122085
sino	122086	122110
l'ingresso	122111	122155
di	122156	122166
terza	122167	122217
mentre	122253	122283
l'atalanta	122284	122334
cerca	122335	122368
di	122369	122379
sfruttare	122380	122442
le	122448	122458
ripartenze	122459	122524
senza	122528	122572
successo	122579	122646
la	122694	122703
juve	122704	122733
passa	122734	122766
intorno	122767	122801
a	122802	122804
mezz'	122805	122833
ora	122834	122847
dopo	122848	122867
notti	122868	122893
la	122894	122903
combinazione	122904	122963
pogba	122964	123006
quagliarella	123007	123062
padoin	123063	123113
che	123156	123165
sorprende	123166	123212
consigli	123213	123278
nell'angolo	123283	123324
basso	123325	123366
per	123367	123381
il	123382	123392
definitivo	123393	123457
uno	123466	123488
à	123489	123491
zero	123492	123529
domenica	123578	123617
prossima	123618	123662
in	123663	123670
trasferta	123671	123731
la	123745	123753
roma	123754	123786
per	123817	123826
inseguire	123827	123868
un	123869	123881
altro	123882	123913
storico	123914	123963
primato	123964	124013
quello	124014	124056
dei	124062	124075
cento	124076	124116
tutti	124117	124160
girandola	124215	124271
diretti	124272	124317
deduzioni	124318	124360
invece	124361	124397
l'olimpico	124398	124447
di	124448	124458
roma	124459	124485
un	124521	124542
tre	124545	124567
tre	124568	124596
che	124597	124611
in	124612	124620
chiave	124621	124649
rock	124650	124670
alighieri	124671	124711
sepe	124712	124749
nella	124750	124774
lazio	124775	124816
ne	124817	124833
al	124834	124847
verona	124848	124890
la	124937	124942
formazione	124943	124990
di	124991	124998
mandorlini	124999	125057
vantaggio	125058	125104
sullo	125105	125123
pochi	125124	125150
minuti	125151	125182
dalla	125183	125197
fine	125198	125226
grazie	125263	125297
al	125298	125304
gol	125305	125339
di	125340	125354
romolo	125355	125395
si	125422	125436
fa	125437	125449
riprendere	125450	125504
dei	125505	125523
biancocelesti	125524	125599
con	125600	125615
un	125616	125622
calcio	125623	125657
di	125658	125667
rigore	125668	125705
trasformato	125706	125770
da	125771	125779
matri	125780	125820
sì	126027	126045
che	126046	126054
abbiamo	126055	126081
detto	126082	126107
allora	126108	126132
le	126133	126147
due	126148	126160
partite	126161	126188
giocate	126189	126221
ieri	126222	126251
ma	126253	126268
ce	126274	126289
ne	126290	126297
sono	126298	126326
altre	126331	126368
due	126374	126408
questa	126409	126449
sera	126450	126469
riguarda	126470	126506
le	126507	126516
due	126517	126528
squadre	126529	126553
impegnate	126554	126591
nella	126592	126607
finale	126608	126638
di	126639	126647
coppa	126648	126674
italia	126675	126724
sabato	126725	126790
il	126791	126809
napoli	126810	126847
ospita	126848	126891
il	126892	126921
cagliari	126922	126967
e	126973	126979
la	126980	126996
fiorentina	126997	127061
il	127062	127093
sassuolo	127096	127150
a	127396	127400
trentasei	127401	127441
mesi	127442	127460
ma	127461	127470
di	127471	127480
serie	127481	127505
a	127506	127513
si	127514	127527
chiude	127528	127552
di	127553	127563
martedì	127564	127604
e	127605	127616
non	127617	127633
è	127634	127643
l'unica	127644	127677
novità	127678	127712
consegnata	127713	127777
da	127778	127788
questo	127789	127822
turno	127823	127850
di	127851	127858
campionato	127859	127912
uno	127913	127919
cui	127920	127934
risultati	127935	127981
hanno	127982	127997
accentuato	127998	128053
l'incertezza	128054	128121
sull'	128146	128171
esito	128172	128202
della	128203	128219
corsa	128220	128247
alla	128248	128259
prossima	128260	128297
europa	128298	128331
ligabue	128332	128373
e	128385	128390
della	128391	128408
lotta	128409	128432
salvezza	128433	128485
del	128528	128543
make	128544	128572
delle	128573	128589
diciannove	128590	128643
l'	128644	128651
artemio	128652	128685
franchi	128686	128725
mette	128726	128749
di	128750	128759
fronte	128760	128798
fiorentine	128799	128851
sassuolo	128852	128911
trentatre	128940	128983
punti	128984	129010
di	129011	129017
differenza	129018	129073
in	129074	129079
classifica	129080	129139
certo	129140	129182
macia	129183	129214
differenza	129215	129271
anche	129283	129305
nelle	129306	129322
motivazioni	129323	129394
uno	129453	129460
viola	129461	129486
sono	129487	129510
forse	129511	129538
un	129539	129545
po'	129546	129557
scarichi	129558	129601
dopo	129602	129623
la	129624	129632
sconfitta	129633	129678
in	129679	129685
coppa	129686	129707
italia	129708	129747
e	129748	129753
magari	129754	129791
distratto	129792	129847
dalle	129848	129867
voci	129868	129897
di	129898	129908
montella	129909	129960
pronto	129961	130007
per	130008	130027
la	130028	130035
juve	130036	130071
emiliano	130127	130169
invece	130170	130202
vedono	130203	130231
possibile	130232	130278
un	130279	130288
traguardo	130289	130328
salvezza	130329	130376
che	130377	130386
solo	130387	130410
qualche	130411	130441
settimana	130442	130484
fa	130485	130499
sembrava	130500	130540
un	130541	130545
miraggio	130546	130596
di	130642	130651
francesco	130652	130697
gratis	130698	130732
posizione	130733	130780
suo	130781	130799
tridente	130800	130848
sansone	130849	130888
azzarda	130889	130920
berardi	130921	130969
per	130970	130985
superare	130986	131037
rosati	131038	131091
invece	131121	131155
ne	131156	131171
toccano	131172	131213
sarà	131214	131239
della	131240	131261
sfida	131262	131304
alle	131363	131375
ventuno	131376	131421
me	131422	131440
ci	131441	131458
che	131459	131470
non	131471	131488
ha	131489	131493
molto	131494	131525
da	131526	131536
dire	131537	131566
a	131601	131604
napoli	131605	131639
basta	131640	131665
un	131666	131673
punto	131674	131700
in	131701	131706
tre	131707	131718
giornate	131719	131767
per	131768	131782
conservare	131783	131830
il	131831	131837
terzo	131838	131865
posto	131866	131891
cento	131892	131932
usa	131933	131954
mentre	131955	131988
cage	131989	132025
regia	132026	132056
matematicamente	132057	132137
salvo	132138	132182
l'allenatore	132235	132283
azzurro	132284	132312
venite	132313	132352
si	132353	132365
ritroverà	132366	132407
maggio	132408	132440
e	132441	132445
zuniga	132446	132481
sulle	132482	132502
fasce	132503	132546
mentre	132573	132598
collega	132599	132647
rossoblù	132648	132689
puglia	132690	132729
confermerà	132749	132803
la	132804	132811
fiducia	132812	132854
giovane	132855	132888
portiere	132889	132924
silvestri	132925	132988
non	132989	133008
esclude	133009	133049
di	133050	133058
impiegare	133059	133097
in	133098	133106
attacco	133107	133141
in	133142	133147
primavera	133148	133192
lo	133193	133213
it	133214	133239
uno	133285	133294
facinorosi	133295	133353
che	133354	133365
si	133366	133378
nascondono	133379	133428
tra	133429	133442
il	133443	133451
pubblico	133452	133490
nella	133491	133511
curva	133512	133538
del	133539	133551
napoli	133552	133591
potrebbero	133616	133659
presentarsi	133660	133720
tutti	133721	133762
quella	133763	133781
vergognosa	133782	133829
maglia	133830	133858
indossata	133859	133909
dalla	133910	133929
carogna	133930	133970
dell'olimpico	133971	134043
il	134083	134090
vero	134091	134111
motivo	134112	134156
per	134157	134174
considerare	134175	134230
napoli	134231	134263
cagliari	134264	134303
una	134304	134318
partita	134319	134365
totalmente	134366	134430
priva	134431	134459
di	134460	134468
interesse	134469	134523
poco	134675	134720
più	134721	134739
di	134740	134749
un	134750	134758
mese	134759	134792
ai	134793	134806
mondiali	134807	134859
in	134860	134880
brasile	134890	134950
continua	134965	135006
le	135007	135017
polemiche	135018	135077
sulla	135078	135135
sicurezza	135136	135190
e	135191	135196
sullo	135197	135225
stato	135226	135279
dei	135280	135324
lavori	135342	135404
amedeo	135410	135438
goria	135439	135471
in	135472	135490
intervistato	135491	135550
il	135551	135569
sindaco	135570	135643
di	135644	135671
mazara	135672	135695
aus	135696	135733
dove	135734	135765
l'italia	135778	135821
giocherà	135822	135873
la	135880	135910
partita	135911	135947
d'esordio	135948	135996
problemi	136075	136111
di	136112	136123
drammi	136124	136159
in	136160	136166
italia	136167	136216
problemi	136217	136271
drammi	136272	136307
in	136308	136316
brasile	136317	136365
a	136366	136373
poco	136374	136402
più	136403	136416
di	136417	136425
un	136426	136434
mese	136435	136465
dall'inizio	136466	136512
dei	136513	136522
mondiali	136523	136576
arresi	136603	136644
figura	136645	136686
delle	136687	136707
dodici	136708	136753
città	136754	136788
sedi	136789	136829
dei	136830	136843
campionati	136844	136906
l'	136907	136911
italia	136912	136947
giocherà	136948	136980
col	136981	136998
costarica	136999	137052
il	137053	137058
venti	137059	137086
giugno	137087	137121
un	137144	137158
tifoso	137159	137212
paulo	137213	137255
ricardo	137256	137309
gomes	137310	137348
ilva	137349	137374
ventisei	137375	137420
anni	137421	137444
è	137469	137473
stato	137474	137499
ucciso	137500	137544
durante	137545	137586
dei	137587	137599
violenti	137600	137637
scontri	137638	137680
fra	137681	137697
ultrà	137698	137734
intanto	137758	137802
il	137803	137807
governo	137808	137846
dello	137847	137864
stato	137865	137898
di	137899	137913
rio	137914	137935
de	137936	137947
janeiro	137948	137991
anticipato	137992	138055
il	138056	138061
varo	138062	138089
di	138090	138100
misure	138101	138136
straordinarie	138137	138216
di	138217	138225
sicurezza	138226	138287
con	138288	138313
duemila	138314	138360
agenti	138361	138414
anticriminalità	138415	138535
giò	138558	138582
per	138583	138602
attivi	138603	138633
delle	138634	138654
strade	138655	138709
uno	138736	138756
studio	138757	138792
appena	138793	138818
pubblicato	138819	138874
evidenziato	138875	138926
infatti	138927	138964
l'aumento	138965	139013
del	139014	139030
ventitre	139031	139082
virgola	139083	139115
nove	139116	139138
per	139139	139153
cento	139154	139193
degli	139194	139219
omicidi	139220	139273
nel	139297	139314
primo	139315	139348
trimestre	139349	139396
del	139397	139414
duemila	139415	139446
e	139447	139449
quattordici	139450	139525
rispetto	139526	139572
allo	139573	139589
stesso	139590	139631
periodo	139632	139671
dell'anno	139672	139701
prima	139702	139733
cresciuti	139766	139810
del	139811	139825
quarantasei	139826	139893
sei	139894	139911
per	139912	139925
cento	139926	139963
gli	139964	139970
scippi	139971	140013
e	140037	140042
del	140043	140063
trentuno	140064	140102
e	140103	140106
tre	140107	140128
furti	140129	140162
d'auto	140163	140211
intanto	140236	140285
il	140286	140295
sindaco	140296	140362
di	140363	140379
venaus	140380	140438
ed	140439	140448
esotica	140449	140510
capitale	140511	140556
mazzo	140557	140584
lega	140585	140610
che	140637	140644
ospiterà	140645	140691
quattro	140692	140727
partite	140728	140777
fra	140778	140796
cui	140797	140818
debutto	140819	140862
azzurro	140863	140909
contro	140910	140934
l'inghilterra	140935	140990
quattordici	140991	141050
giugno	141051	141090
a	141126	141129
roma	141130	141156
a	141173	141177
palazzo	141178	141213
banfi	141214	141263
all'ambasciata	141285	141355
brasiliana	141356	141419
sul	141427	141448
tema	141449	141475
violenza	141476	141525
ha	141536	141540
detto	141541	141581
ma	141605	141618
manifestazioni	141619	141726
pacifiche	141727	141807
sono	141912	141948
naturalmente	141949	142011
le	142012	142020
benvenute	142021	142086
mentre	142087	142123
invece	142124	142173
fu	142182	142199
di	142200	142211
nove	142281	142305
ore	142325	142338
per	142339	142357
vettel	142358	142385
quelle	142386	142409
che	142410	142418
riguardano	142419	142504
sì	142505	142525
ma	142546	142560
manifestazioni	142565	142640
violente	142641	142684
la	142685	142694
polizia	142695	142733
preparata	142734	142806
l'ultima	142925	142953
notizia	142954	142989
da	142990	143000
può	143001	143022
dire	143023	143039
è	143040	143046
fuori	143047	143076
tg	143077	143105
prossimo	143106	143142
ponte	143143	143171
affondamento	143178	143237
con	143238	143251
il	143252	143258
t	143259	143268
g	143269	143283
tre	143284	143308
alle	143309	143324
quattordici	143325	143375
e	143376	143378
venti	143379	143416
grazie	143417	143442
per	143443	143450
l'attenzione	143451	143489
buona	143490	143505
giornata	143506	143547
fuori	146126	146150
dg	146151	146185
bongiorno	146186	146248
e	146253	146258
benvenuti	146259	146323
allora	146324	146359
un	146361	146379
tempo	146380	146438
era	146439	146465
considerata	146466	146544
presentato	146545	146615
come	146616	146635
una	146636	146649
vera	146650	146670
e	146671	146673
propria	146674	146723
comodità	146724	146793
oggi	146815	146860
invece	146866	146902
diventata	146903	146955
una	146956	146975
necessità	146976	147041
irrinunciabile	147047	147129
ma	147130	147141
come	147142	147163
cominciata	147164	147210
questa	147211	147233
storia	147234	147272
anche	147598	147618
per	147619	147635
lui	147636	147661
il	147680	147690
medico	147691	147743
la	147783	147788
mia	147789	147808
professione	147809	147871
diceva	147872	147927
richiede	147945	147982
una	147983	147994
macchina	147995	148029
agile	148030	148075
sempre	148076	148116
pronta	148117	148163
che	148164	148175
non	148176	148191
vi	148192	148205
è	148206	148209
nessuna	148210	148252
preoccupazione	148253	148336
in	148470	148485
quanto	148486	148516
giovani	148517	148573
un	148583	148595
operaio	148596	148644
aspettava	148666	148713
anche	148714	148733
lui	148734	148757
un	148758	148773
ultrà	148774	148812
utilitaria	148813	148887
piccola	148918	148958
economica	148959	149023
che	149024	149034
fosse	149035	149062
una	149063	149077
vera	149078	149099
automobile	149100	149148
mia	149194	149204
moglie	149205	149230
diceva	149231	149276
pensa	149306	149341
che	149342	149352
comodità	149353	149399
al	149400	149408
mattino	149409	149453
poter	149454	149480
accompagnare	149481	149536
uno	149537	149544
figli	149545	149569
a	149570	149573
scuola	149574	149618
tutti	149652	149683
dicevano	149684	149735
